threshold_C,height_mm,first_arrival_s,sustained_30s_arrival_s
300,500,15.0,15.0
300,1000,17.0,17.0
300,1500,26.0,26.0
300,2000,47.0,47.0
300,2500,74.0,176.0
300,3000,421.0,421.0
400,500,21.0,21.0
400,1000,22.0,22.0
400,1500,38.0,38.0
400,2000,61.0,61.0
400,2500,390.0,390.0
400,3000,738.0,738.0
500,500,26.0,26.0
500,1000,29.0,29.0
500,1500,53.0,53.0
500,2000,352.0,352.0
500,2500,624.0,624.0
500,3000,750.0,750.0
600,500,33.0,33.0
600,1000,38.0,38.0
600,1500,138.0,138.0
600,2000,397.0,397.0
600,2500,687.0,687.0
600,3000,937.0,1084.0
700,500,45.0,45.0
700,1000,57.0,57.0
700,1500,365.0,365.0
700,2000,598.0,598.0
700,2500,744.0,744.0
700,3000,1127.0,1137.0
800,500,130.0,192.0
800,1000,220.0,281.0
800,1500,529.0,578.0
800,2000,676.0,676.0
800,2500,915.0,915.0
800,3000,1176.0,1176.0
900,500,,
900,1000,401.0,597.0
900,1500,661.0,661.0
900,2000,864.0,891.0
900,2500,1074.0,1074.0
900,3000,1221.0,1221.0
1000,500,,
1000,1000,,
1000,1500,,
1000,2000,,
1000,2500,1207.0,1207.0
1000,3000,1242.0,1242.0
