time_s,z_500C_mm,z_600C_mm,z_800C_mm,hottest_level_mm
0.0,,,,500.0
10.0,,,,500.0
20.0,,,,500.0
30.0,1031.715389,,,500.0
40.0,1309.200603,1057.817999,,500.0
50.0,1466.878643,1201.90779,,500.0
60.0,1682.449495,1361.548556,,500.0
70.0,1843.932749,1477.532369,,500.0
80.0,1867.867868,1492.277992,,500.0
90.0,1850.663717,1483.161512,,500.0
100.0,1810.486891,1442.190669,,500.0
110.0,1823.381295,1463.537906,,500.0
120.0,1831.245394,1464.336158,,500.0
130.0,1808.482439,1477.87043,519.774011,500.0
140.0,1815.318098,1506.485485,,500.0
150.0,1826.662562,1518.780788,,500.0
160.0,1879.037574,1549.439684,526.054591,500.0
170.0,1911.170529,1614.081996,555.379747,500.0
180.0,1933.171324,1629.404617,,500.0
190.0,1978.62069,1633.793103,,500.0
200.0,1945.448677,1622.659781,580.555556,500.0
210.0,1915.817855,1616.237268,800.653595,500.0
220.0,1888.637648,1605.992086,1000.0,500.0
230.0,1927.860697,1651.464898,1016.322452,500.0
240.0,1922.615648,1637.064535,900.892857,500.0
250.0,1885.714286,1575.15528,710.078534,500.0
260.0,1880.564263,1567.084639,783.866058,500.0
270.0,1886.518244,1577.303649,803.964758,500.0
280.0,1885.894495,1599.197248,995.744681,500.0
290.0,1900.225479,1618.37655,1084.429248,500.0
300.0,1939.630272,1650.779896,1104.177825,500.0
310.0,1933.353999,1623.372598,1027.990572,500.0
320.0,1915.450928,1583.885942,910.798122,500.0
330.0,1905.172414,1545.977011,759.526938,500.0
340.0,1946.974423,1635.059264,1076.257436,500.0
350.0,1981.513576,1692.6632,1164.569703,500.0
360.0,2041.336353,1760.650224,1193.760733,500.0
370.0,2108.5583,1818.870122,1232.722977,1000.0
380.0,2151.081239,1856.25,1238.095238,1000.0
390.0,2218.554354,1923.025879,1250.344353,1000.0
400.0,2318.541549,2035.895986,1353.972799,1000.0
410.0,2362.611432,2100.419507,1361.00951,1000.0
420.0,2410.005438,2138.118543,1323.239437,1000.0
430.0,2462.279736,2186.949339,1291.666667,500.0
440.0,2472.268908,2192.156863,1230.362538,500.0
450.0,2453.631285,2174.301676,1288.88107,500.0
460.0,2437.084257,2159.922395,1305.084746,500.0
470.0,2419.455474,2135.847986,1271.478873,500.0
480.0,2436.778291,2148.094688,1281.305903,500.0
490.0,2371.436256,2102.474449,1342.613215,1000.0
500.0,2397.631579,2134.473684,1406.959153,1000.0
510.0,2397.081027,2145.445395,1439.937598,1000.0
520.0,2377.239709,2135.108959,1455.801105,1000.0
530.0,2385.687732,2153.345725,1507.352941,1000.0
540.0,2402.198809,2173.156207,1488.733906,1000.0
550.0,2402.498884,2179.384203,1442.028986,1000.0
560.0,2437.104072,2210.859729,1473.001038,1000.0
570.0,2454.965358,2224.018476,1495.887192,1000.0
580.0,2431.586271,2199.675325,1513.663535,1000.0
590.0,2407.323689,2181.283906,1556.952663,1000.0
600.0,2453.097731,2234.947644,1623.572594,1000.0
610.0,2476.633492,2260.276936,1657.646048,1000.0
620.0,2494.170984,2278.28152,1706.198347,1000.0
630.0,2529.705323,2311.503662,1750.0,1000.0
640.0,2567.090395,2347.612958,1823.106424,1000.0
650.0,2573.222749,2347.864377,1819.432502,1000.0
660.0,2606.233538,2389.696451,1923.509075,1000.0
670.0,2635.059932,2419.642857,1968.452895,1000.0
680.0,2683.915212,2473.922902,2020.408163,1000.0
690.0,2711.295419,2513.823065,2041.567696,1000.0
700.0,2710.607225,2518.447348,2024.0,1000.0
710.0,2723.359879,2533.750474,2021.533613,1000.0
720.0,2744.741533,2566.488414,2010.823812,1000.0
730.0,2786.640259,2606.589845,2024.002705,1000.0
740.0,2839.918002,2653.559448,2025.423729,1000.0
750.0,3000.0,2769.498607,2084.653465,1500.0
760.0,3000.0,2902.498642,2172.979798,1500.0
770.0,3000.0,2976.40118,2251.612903,1500.0
780.0,3000.0,2945.68869,2276.315789,1500.0
790.0,3000.0,2884.358974,2254.892368,1500.0
800.0,3000.0,2866.34664,2265.957447,1500.0
810.0,3000.0,2805.283757,2226.545455,1500.0
820.0,3000.0,2799.297424,2243.789922,1500.0
830.0,2971.145564,2755.813953,2217.859625,1500.0
840.0,2995.481928,2780.335628,2264.048747,1500.0
850.0,2963.779528,2766.929134,2284.182306,1500.0
860.0,3000.0,2798.344772,2322.44898,1500.0
870.0,3000.0,2839.456563,2411.023622,1500.0
880.0,3000.0,2812.62061,2353.846154,1500.0
890.0,3000.0,2841.160221,2392.800633,1500.0
900.0,3000.0,2828.095418,2396.270396,1500.0
910.0,3000.0,2871.455939,2472.348141,1500.0
920.0,3000.0,2904.226444,2516.479256,1500.0
930.0,3000.0,2959.414916,2547.383601,2000.0
940.0,3000.0,3000.0,2585.896309,2000.0
950.0,3000.0,3000.0,2594.144903,2000.0
960.0,3000.0,3000.0,2599.072513,2000.0
970.0,3000.0,2993.662864,2571.187157,2000.0
980.0,3000.0,2931.041257,2538.113949,2000.0
990.0,3000.0,2940.045249,2562.971342,2000.0
1000.0,3000.0,2933.488706,2574.937253,2000.0
1010.0,3000.0,2943.121223,2587.628866,2000.0
1020.0,3000.0,2926.364573,2583.075867,2000.0
1030.0,3000.0,2902.149503,2581.3282,2000.0
1040.0,3000.0,2877.905222,2576.06399,2000.0
1050.0,3000.0,2872.701149,2585.344828,2000.0
1060.0,3000.0,2902.403283,2609.320047,2000.0
1070.0,3000.0,2942.383107,2640.723982,2000.0
1080.0,3000.0,2976.022133,2668.613587,2000.0
1090.0,3000.0,3000.0,2709.475074,2500.0
1100.0,3000.0,3000.0,2733.87381,2500.0
1110.0,3000.0,3000.0,2762.088975,2500.0
1120.0,3000.0,3000.0,2756.0,2500.0
1130.0,3000.0,3000.0,2771.631206,2500.0
1140.0,3000.0,3000.0,2789.066529,2500.0
1150.0,3000.0,3000.0,2838.632274,2500.0
1160.0,3000.0,3000.0,2889.400922,2500.0
1170.0,3000.0,3000.0,2982.743363,2500.0
1180.0,3000.0,3000.0,3000.0,2500.0
1190.0,3000.0,3000.0,3000.0,2500.0
1200.0,3000.0,3000.0,3000.0,2500.0
1210.0,3000.0,3000.0,3000.0,2500.0
1220.0,3000.0,3000.0,3000.0,2500.0
1230.0,3000.0,3000.0,3000.0,2500.0
1240.0,3000.0,3000.0,3000.0,2500.0
1250.0,3000.0,3000.0,3000.0,3000.0
1260.0,3000.0,3000.0,3000.0,3000.0
1270.0,3000.0,3000.0,3000.0,3000.0
1280.0,3000.0,3000.0,3000.0,3000.0
1290.0,3000.0,3000.0,3000.0,3000.0
1300.0,3000.0,3000.0,3000.0,3000.0
1310.0,3000.0,3000.0,3000.0,3000.0
1320.0,3000.0,3000.0,3000.0,3000.0
1330.0,3000.0,3000.0,3000.0,3000.0
1340.0,3000.0,3000.0,3000.0,3000.0
1350.0,3000.0,3000.0,3000.0,3000.0
1360.0,3000.0,3000.0,3000.0,3000.0
1370.0,3000.0,3000.0,3000.0,3000.0
1380.0,3000.0,3000.0,,3000.0
1390.0,3000.0,3000.0,,3000.0
1400.0,3000.0,3000.0,,3000.0
1410.0,3000.0,3000.0,,3000.0
1420.0,3000.0,3000.0,,3000.0
1430.0,3000.0,3000.0,,3000.0
1440.0,3000.0,3000.0,,3000.0
1450.0,3000.0,3000.0,,3000.0
1460.0,3000.0,3000.0,,3000.0
1470.0,3000.0,3000.0,,3000.0
1480.0,3000.0,3000.0,,3000.0
1490.0,3000.0,3000.0,,3000.0
1500.0,3000.0,3000.0,,3000.0
1510.0,3000.0,3000.0,,3000.0
1520.0,3000.0,,,3000.0
1530.0,3000.0,,,3000.0
1540.0,3000.0,,,3000.0
1550.0,,,,3000.0
1560.0,,,,3000.0
1570.0,,,,3000.0
1580.0,,,,3000.0
1590.0,,,,3000.0
1600.0,,,,3000.0
1610.0,,,,3000.0
1620.0,,,,3000.0
1630.0,,,,3000.0
1640.0,,,,3000.0
1650.0,,,,3000.0
1660.0,,,,3000.0
1670.0,,,,3000.0
1680.0,,,,3000.0
1690.0,,,,3000.0
1700.0,,,,3000.0
1710.0,,,,3000.0
1720.0,,,,3000.0
1730.0,,,,3000.0
1740.0,,,,3000.0
1750.0,,,,3000.0
1760.0,,,,3000.0
1770.0,,,,3000.0
1780.0,,,,3000.0
1790.0,,,,3000.0
1800.0,,,,3000.0
