front,from_mm,to_mm,t_from_s,t_to_s,dt_s,v_mm_s
300 C,500,1000,15.0,17.0,2.0,250.0
300 C,1000,1500,17.0,26.0,9.0,55.555556
300 C,1500,2000,26.0,47.0,21.0,23.809524
300 C,2000,2500,47.0,74.0,27.0,18.518519
300 C,2500,3000,74.0,421.0,347.0,1.440922
400 C,500,1000,21.0,22.0,1.0,500.0
400 C,1000,1500,22.0,38.0,16.0,31.25
400 C,1500,2000,38.0,61.0,23.0,21.73913
400 C,2000,2500,61.0,390.0,329.0,1.519757
400 C,2500,3000,390.0,738.0,348.0,1.436782
500 C,500,1000,26.0,29.0,3.0,166.666667
500 C,1000,1500,29.0,53.0,24.0,20.833333
500 C,1500,2000,53.0,352.0,299.0,1.672241
500 C,2000,2500,352.0,624.0,272.0,1.838235
500 C,2500,3000,624.0,750.0,126.0,3.968254
600 C,500,1000,33.0,38.0,5.0,100.0
600 C,1000,1500,38.0,138.0,100.0,5.0
600 C,1500,2000,138.0,397.0,259.0,1.930502
600 C,2000,2500,397.0,687.0,290.0,1.724138
600 C,2500,3000,687.0,937.0,250.0,2.0
700 C,500,1000,45.0,57.0,12.0,41.666667
700 C,1000,1500,57.0,365.0,308.0,1.623377
700 C,1500,2000,365.0,598.0,233.0,2.145923
700 C,2000,2500,598.0,744.0,146.0,3.424658
700 C,2500,3000,744.0,1127.0,383.0,1.305483
800 C,500,1000,130.0,220.0,90.0,5.555556
800 C,1000,1500,220.0,529.0,309.0,1.618123
800 C,1500,2000,529.0,676.0,147.0,3.401361
800 C,2000,2500,676.0,915.0,239.0,2.09205
800 C,2500,3000,915.0,1176.0,261.0,1.915709
900 C,1000,1500,401.0,661.0,260.0,1.923077
900 C,1500,2000,661.0,864.0,203.0,2.463054
900 C,2000,2500,864.0,1074.0,210.0,2.380952
900 C,2500,3000,1074.0,1221.0,147.0,3.401361
1000 C,2500,3000,1207.0,1242.0,35.0,14.285714
500 C sustained 30s,500,1000,26.0,29.0,3.0,166.666667
500 C sustained 30s,1000,1500,29.0,53.0,24.0,20.833333
500 C sustained 30s,1500,2000,53.0,352.0,299.0,1.672241
500 C sustained 30s,2000,2500,352.0,624.0,272.0,1.838235
500 C sustained 30s,2500,3000,624.0,750.0,126.0,3.968254
600 C sustained 30s,500,1000,33.0,38.0,5.0,100.0
600 C sustained 30s,1000,1500,38.0,138.0,100.0,5.0
600 C sustained 30s,1500,2000,138.0,397.0,259.0,1.930502
600 C sustained 30s,2000,2500,397.0,687.0,290.0,1.724138
600 C sustained 30s,2500,3000,687.0,1084.0,397.0,1.259446
700 C sustained 30s,500,1000,45.0,57.0,12.0,41.666667
700 C sustained 30s,1000,1500,57.0,365.0,308.0,1.623377
700 C sustained 30s,1500,2000,365.0,598.0,233.0,2.145923
700 C sustained 30s,2000,2500,598.0,744.0,146.0,3.424658
700 C sustained 30s,2500,3000,744.0,1137.0,393.0,1.272265
800 C sustained 30s,500,1000,192.0,281.0,89.0,5.617978
800 C sustained 30s,1000,1500,281.0,578.0,297.0,1.683502
800 C sustained 30s,1500,2000,578.0,676.0,98.0,5.102041
800 C sustained 30s,2000,2500,676.0,915.0,239.0,2.09205
800 C sustained 30s,2500,3000,915.0,1176.0,261.0,1.915709
peak,500,1000,454.0,725.0,271.0,1.845018
peak,1000,1500,725.0,841.0,116.0,4.310345
peak,1500,2000,841.0,1003.0,162.0,3.08642
peak,2000,2500,1003.0,1227.0,224.0,2.232143
peak,2500,3000,1227.0,1286.0,59.0,8.474576
hottest level (first reach),500,1000,0.0,367.0,367.0,1.362398
hottest level (first reach),1000,1500,367.0,750.0,383.0,1.305483
hottest level (first reach),1500,2000,750.0,928.0,178.0,2.808989
hottest level (first reach),2000,2500,928.0,1087.0,159.0,3.144654
hottest level (first reach),2500,3000,1087.0,1248.0,161.0,3.10559
burn-out <600 C,500,1000,1242.0,1223.0,-19.0,
burn-out <600 C,1000,1500,1223.0,1238.0,15.0,33.333333
burn-out <600 C,1500,2000,1238.0,1321.0,83.0,6.024096
burn-out <600 C,2000,2500,1321.0,1446.0,125.0,4.0
burn-out <600 C,2500,3000,1446.0,1512.0,66.0,7.575758
